SurveyID,SiteID,Date,Repeat,Total20m,Total40m,Diversity20m,Diversity40m,NumberNoisyMiner
Y1Summer20191,Y1,2/03/2020,1,16,33,6,13,10
Y2Summer20191,Y2,2/03/2020,1,57,93,16,24,2
Y3Summer20191,Y3,2/03/2020,1,28,53,10,16,8
Y4Summer20191,Y4,2/03/2020,1,39,77,14,24,6
Y5Summer20191,Y5,2/03/2020,1,36,58,15,16,7
Y6Summer20191,Y6,2/03/2020,1,3,3,16,22,3
G1Spring20211,G1,1/11/2021,1,29,33,21,22,0
G2Spring20211,G2,1/11/2021,1,21,26,10,12,0
G3Spring20211,G3,1/11/2021,1,36,43,20,23,0
G4Spring20211,G4,1/11/2021,1,27,33,16,18,0
Y1Spring20203,Y1,1/12/2020,1,47,60,14,14,23
Y2Spring20203,Y2,1/12/2020,1,63,113,13,16,9
Y3Spring20203,Y3,1/12/2020,1,49,69,14,16,2
Y4Spring20203,Y4,1/12/2020,1,47,68,16,16,0
Y5Spring20203,Y5,1/12/2020,1,58,77,14,16,5
Y6Spring20203,Y6,1/12/2020,1,73,94,12,15,9
BN1Summer20191,BN1,10/3/2020,1,29,39,8,10,2
BN2Summer20191,BN2,10/3/2020,1,10,30,5,13,1
BN3Summer20191,BN3,10/3/2020,1,15,39,7,13,2
BN4Summer20191,BN4,10/3/2020,1,30,46,9,13,0
BN5Summer20191,BN5,10/3/2020,1,16,40,8,14,5
BN6Summer20191,BN6,10/3/2020,1,26,67,7,16,0
G1Summer20191,G1,10/3/2020,1,51,88,17,24,1
G2Summer20191,G2,10/3/2020,1,12,39,5,11,0
G3Summer20191,G3,10/3/2020,1,18,65,7,23,1
G4Summer20191,G4,10/3/2020,1,38,100,11,24,0
RC1Winter20201,RC1,10/7/2020,1,28,40,13,16,8
RC2Winter20201,RC2,10/7/2020,1,31,43,16,18,0
RC3Winter20201,RC3,10/7/2020,1,121,165,14,20,0
RC4Winter20201,RC4,10/7/2020,1,56,86,13,16,0
RC5Winter20201,RC5,10/7/2020,1,23,27,12,14,0
RC6Winter20201,RC6,10/7/2020,1,24,39,7,14,7
BS1Spring20191,BS1,11/11/2019,1,76,132,17,24,7
BS2Spring20191,BS2,11/11/2019,1,35,68,12,15,0
BS3Spring20191,BS3,11/11/2019,1,48,77,18,22,1
BS4Spring20191,BS4,11/11/2019,1,32,44,13,17,0
BS5Spring20191,BS5,11/11/2019,1,28,46,12,13,0
BS6Spring20191,BS6,11/11/2019,1,43,57,14,15,1
BS10Spring20191,BS10,11/12/2019,1,24,35,12,14,3
BS7Spring20191,BS7,11/12/2019,1,53,76,22,23,3
BS8Spring20191,BS8,11/12/2019,1,85,119,22,26,0
BS9Spring20191,BS9,11/12/2019,1,67,83,19,19,5
BS1Winter20191,BS1,12/8/2019,1,49,98,9,12,22
BS2Winter20191,BS2,12/8/2019,1,39,85,9,12,25
BS3Winter20191,BS3,12/8/2019,1,25,80,10,16,14
BS4Winter20191,BS4,12/8/2019,1,47,97,17,19,7
BS5Winter20191,BS5,12/8/2019,1,67,128,15,17,9
BS6Winter20191,BS6,12/8/2019,1,59,127,14,16,3
GP1Summer20191,GP1,13/2/2020,1,47,70,13,21,0
GP2Summer20191,GP2,13/2/2020,1,40,75,13,21,0
GP3Summer20191,GP3,13/2/2020,1,31,59,8,18,0
GP4Summer20191,GP4,13/2/2020,1,61,91,13,21,3
BS10Winter20191,BS10,13/8/2019,1,58,134,16,22,11
BS7Winter20191,BS7,13/8/2019,1,38,96,15,21,4
BS8Winter20191,BS8,13/8/2019,1,47,109,20,24,17
BS9Winter20191,BS9,13/8/2019,1,77,175,23,27,18
Y1Winter20191,Y1,14/8/2019,1,46,66,16,16,15
Y2Winter20191,Y2,14/8/2019,1,39,74,14,18,13
Y3Winter20191,Y3,14/8/2019,1,42,90,13,14,10
Y4Winter20191,Y4,14/8/2019,1,57,100,19,21,10
Y5Winter20191,Y5,14/8/2019,1,55,78,11,13,15
Y6Winter20191,Y6,14/8/2019,1,34,66,10,12,0
BC1Spring20191,BC1,15/11/2019,1,69,99,23,26,0
BC2Spring20191,BC2,15/11/2019,1,43,76,19,26,2
IG1Spring20191,IG1,15/11/2019,1,56,94,21,24,9
IG2Spring20191,IG2,15/11/2019,1,39,85,14,26,1
BN1Summer20201,BN1,15/2/2021,1,27,50,12,15,0
BN2Summer20201,BN2,15/2/2021,1,29,31,12,14,5
BN3Summer20201,BN3,15/2/2021,1,55,62,18,19,0
BN4Summer20201,BN4,15/2/2021,1,74,115,19,24,0
BN5Summer20201,BN5,15/2/2021,1,86,98,21,22,7
BN6Summer20201,BN6,15/2/2021,1,110,152,23,29,2
G1Summer20201,G1,15/2/2021,1,30,39,12,14,3
G2Summer20201,G2,15/2/2021,1,36,40,9,10,0
G3Summer20201,G3,15/2/2021,1,25,29,7,9,0
G4Summer20201,G4,15/2/2021,1,17,18,5,6,0
BS1Spring20201,BS1,16/10/2020,1,37,46,9,11,10
BS2Spring20201,BS2,16/10/2020,1,36,60,11,12,7
BS3Spring20201,BS3,16/10/2020,1,43,56,14,15,5
BS4Spring20201,BS4,16/10/2020,1,29,42,11,14,4
BS5Spring20201,BS5,16/10/2020,1,33,41,12,13,3
BS6Spring20201,BS6,16/10/2020,1,65,75,19,19,0
BC1Summer20201,BC1,16/2/2021,1,98,175,24,31,8
BC2Summer20201,BC2,16/2/2021,1,70,77,19,21,0
IG1Summer20201,IG1,16/2/2021,1,49,59,12,15,19
IG2Summer20201,IG2,16/2/2021,1,45,64,13,18,7
RC1Summer20201,RC1,17/1/2021,1,44,66,17,17,0
RC2Summer20201,RC2,17/1/2021,1,28,46,14,16,0
RC3Summer20201,RC3,17/1/2021,1,56,94,13,18,0
RC4Summer20201,RC4,17/1/2021,1,34,52,14,16,0
RC5Summer20201,RC5,17/1/2021,1,32,39,12,14,0
RC6Summer20201,RC6,17/1/2021,1,18,37,8,15,3
BS10Spring20201,BS10,17/10/2020,1,53,67,17,23,1
BS7Spring20201,BS7,17/10/2020,1,41,49,14,14,6
BS8Spring20201,BS8,17/10/2020,1,44,44,14,14,0
BS9Spring20201,BS9,17/10/2020,1,51,78,17,22,0
BC1Spring20203,BC1,17/11/2020,1,73,80,27,31,6
BC2Spring20203,BC2,17/11/2020,1,43,48,15,18,0
IG1Spring20203,IG1,17/11/2020,1,49,77,15,21,15
IG2Spring20203,IG2,17/11/2020,1,76,97,24,27,5
SR1Summer20191,SR1,17/3/2020,1,44,94,14,20,16
SR10Summer20191,SR10,17/3/2020,1,30,48,12,18,0
SR2Summer20191,SR2,17/3/2020,1,41,79,9,18,7
SR3Summer20191,SR3,17/3/2020,1,38,76,10,16,0
SR4Summer20191,SR4,17/3/2020,1,20,29,8,10,3
SR5Summer20191,SR5,17/3/2020,1,21,60,9,14,0
SR6Summer20191,SR6,17/3/2020,1,25,51,10,16,0
SR7Summer20191,SR7,17/3/2020,1,21,33,6,9,4
SR8Summer20191,SR8,17/3/2020,1,15,24,6,9,1
SR9Summer20191,SR9,17/3/2020,1,14,54,6,15,0
BC1Winter20201,BC1,17/7/2020,1,51,89,17,25,0
BC2Winter20201,BC2,17/7/2020,1,77,102,16,19,0
BS1Winter20201,BS1,17/7/2020,1,43,52,9,11,10
BS2Winter20201,BS2,17/7/2020,1,34,61,9,12,7
BS3Winter20201,BS3,17/7/2020,1,49,68,16,17,5
BS4Winter20201,BS4,17/7/2020,1,28,43,11,15,4
IG1Winter20201,IG1,17/7/2020,1,71,113,10,12,15
IG2Winter20201,IG2,17/7/2020,1,46,78,13,17,2
GP1Summer20201,GP1,18/1/2021,1,41,75,16,22,0
GP2Summer20201,GP2,18/1/2021,1,45,77,18,19,0
GP3Summer20201,GP3,18/1/2021,1,54,77,15,18,8
GP4Summer20201,GP4,18/1/2021,1,59,87,17,18,7
G1Spring20191,G1,18/11/2019,1,70,86,19,23,0
G2Spring20191,G2,18/11/2019,1,58,81,20,24,2
G3Spring20191,G3,18/11/2019,1,55,83,20,22,0
G4Spring20191,G4,18/11/2019,1,62,110,21,25,0
SR8Spring20203,SR8,18/11/2019,1,1,2,20,21,0
GP1Spring20203,GP1,18/11/2020,1,36,73,15,23,0
GP1Summer20201,GP1,18/11/2020,1,41,2,16,22,0
GP2Spring20203,GP2,18/11/2020,1,56,88,19,20,8
GP3Spring20203,GP3,18/11/2020,1,59,95,16,19,8
GP4Spring20203,GP4,18/11/2020,1,55,85,16,17,4
SR1Spring20203,SR1,18/11/2020,1,38,57,15,20,16
SR10Spring20203,SR10,18/11/2020,1,27,33,11,12,0
SR2Spring20203,SR2,18/11/2020,1,53,98,13,18,21
SR3Spring20203,SR3,18/11/2020,1,58,89,13,22,7
SR4Spring20203,SR4,18/11/2020,1,37,47,14,15,5
SR5Spring20203,SR5,18/11/2020,1,106,132,26,28,2
SR6Spring20203,SR6,18/11/2020,1,92,124,28,31,0
SR7Spring20203,SR7,18/11/2020,1,38,47,14,17,15
SR8Spring20203,SR8,18/11/2020,1,1,77,20,21,0
SR9Spring20203,SR9,18/11/2020,1,50,61,21,22,0
BS10Winter20201,BS10,18/7/2020,1,53,67,18,24,1
BS5Winter20201,BS5,18/7/2020,1,30,33,12,13,3
BS6Winter20201,BS6,18/7/2020,1,49,53,17,18,0
BS7Winter20201,BS7,18/7/2020,1,35,41,14,14,6
BS8Winter20201,BS8,18/7/2020,1,54,54,18,18,0
BS9Winter20201,BS9,18/7/2020,1,44,69,16,23,0
BN1Spring20191,BN1,19/11/2019,1,24,39,13,17,1
BN2Spring20191,BN2,19/11/2019,1,12,20,9,11,2
BN3Spring20191,BN3,19/11/2019,1,21,35,12,15,0
BN4Spring20191,BN4,19/11/2019,1,36,68,18,23,2
BN5Spring20191,BN5,19/11/2019,1,66,111,23,30,2
BN6Spring20191,BN6,19/11/2019,1,43,87,18,25,0
Y1Spring20191,Y1,19/11/2019,1,50,65,11,12,15
Y2Spring20191,Y2,19/11/2019,1,38,59,14,20,3
Y3Spring20191,Y3,19/11/2019,1,41,69,14,16,3
Y4Spring20191,Y4,19/11/2019,1,56,76,20,22,4
Y5Spring20191,Y5,19/11/2019,1,96,177,29,36,7
BN1Spring20203,BN1,19/11/2020,1,53,63,16,18,0
BN2Spring20203,BN2,19/11/2020,1,33,35,18,18,0
BN3Spring20203,BN3,19/11/2020,1,36,44,15,18,0
BN4Spring20203,BN4,19/11/2020,1,47,64,17,19,0
BN5Spring20203,BN5,19/11/2020,1,98,137,27,29,9
BN6Spring20203,BN6,19/11/2020,1,62,85,20,25,2
G1Spring20203,G1,19/11/2020,1,38,45,8,13,0
G2Spring20203,G2,19/11/2020,1,23,25,10,10,0
G3Spring20203,G3,19/11/2020,1,25,35,7,11,0
G4Spring20203,G4,19/11/2020,1,10,23,6,11,0
RC1Spring20203,RC1,19/11/2020,1,33,53,14,17,0
RC2Spring20203,RC2,19/11/2020,1,35,57,15,17,0
RC3Spring20203,RC3,19/11/2020,1,85,137,15,20,0
RC4Spring20203,RC4,19/11/2020,1,48,77,14,16,0
RC5Spring20203,RC5,19/11/2020,1,23,30,12,14,0
RC6Spring20203,RC6,19/11/2020,1,41,72,8,16,3
SR1Winter20191,SR1,19/8/2019,1,49,142,10,14,39
SR10Winter20191,SR10,19/8/2019,1,23,61,7,13,0
SR2Winter20191,SR2,19/8/2019,1,34,113,8,12,30
SR3Winter20191,SR3,19/8/2019,1,17,48,8,13,2
SR4Winter20191,SR4,19/8/2019,1,29,60,10,14,2
SR9Winter20191,SR9,19/8/2019,1,27,84,10,12,0
BN1Spring20211,BN1,2/11/2021,1,62,113,22,26,6
BN2Spring20211,BN2,2/11/2021,1,38,55,14,16,0
BN3Spring20211,BN3,2/11/2021,1,32,38,12,15,0
BN4Spring20211,BN4,2/11/2021,1,44,84,14,16,0
BN5Spring20211,BN5,2/11/2021,1,59,108,23,25,9
BN6Spring20211,BN6,2/11/2021,1,43,95,24,28,16
Y6Summer20191,Y6,2/3/2020,1,3,68,16,22,3
SR5Winter20191,SR5,20/8/2019,1,38,96,13,17,5
SR6Winter20191,SR6,20/8/2019,1,57,126,16,23,0
SR7Winter20191,SR7,20/8/2019,1,21,57,12,15,12
SR8Winter20191,SR8,20/8/2019,1,26,71,11,15,0
Y1Summer20201,Y1,22/1/2021,1,54,67,14,14,30
Y2Summer20201,Y2,22/1/2021,1,62,120,17,20,0
Y3Summer20201,Y3,22/1/2021,1,47,65,14,15,5
Y4Summer20201,Y4,22/1/2021,1,54,75,16,16,0
Y5Summer20201,Y5,22/1/2021,1,55,74,14,16,5
Y6Summer20201,Y6,22/1/2021,1,58,79,12,15,14
BC1Spring20211,BC1,25/10/2021,1,38,74,19,28,0
BC2Spring20211,BC2,25/10/2021,1,41,101,20,34,14
SR1Spring20191,SR1,25/11/2019,1,54,81,16,20,17
SR10Spring20191,SR10,25/11/2019,1,14,41,8,17,0
SR2Spring20191,SR2,25/11/2019,1,46,72,16,19,10
SR3Spring20191,SR3,25/11/2019,1,53,97,17,25,5
SR4Spring20191,SR4,25/11/2019,1,70,82,23,23,2
SR9Spring20191,SR9,25/11/2019,1,40,56,17,18,0
GP1Spring20201,GP1,25/9/2020,1,43,81,16,21,0
GP2Spring20201,GP2,25/9/2020,1,46,62,17,17,5
GP3Spring20201,GP3,25/9/2020,1,30,51,9,14,8
GP4Spring20201,GP4,25/9/2020,1,51,64,14,15,1
SR1Spring20201,SR1,25/9/2020,1,53,94,18,23,18
SR10Spring20201,SR10,25/9/2020,1,37,43,11,14,0
SR2Spring20201,SR2,25/9/2020,1,79,110,13,14,9
SR3Spring20201,SR3,25/9/2020,1,49,63,17,19,1
SR4Spring20201,SR4,25/9/2020,1,30,44,11,14,0
SR5Spring20201,SR5,25/9/2020,1,75,101,18,19,0
SR6Spring20201,SR6,25/9/2020,1,46,69,14,20,0
SR7Spring20201,SR7,25/9/2020,1,25,29,8,10,4
SR8Spring20201,SR8,25/9/2020,1,32,47,8,11,0
SR9Spring20201,SR9,25/9/2020,1,52,64,19,24,0
GP1Spring20211,GP1,26/10/2021,1,42,239,21,26,0
GP2Spring20211,GP2,26/10/2021,1,43,86,21,29,0
GP3Spring20211,GP3,26/10/2021,1,29,98,13,26,0
GP4Spring20211,GP4,26/10/2021,1,32,283,13,28,0
IG1Spring20211,IG1,26/10/2021,1,55,74,16,22,7
IG2Spring20211,IG2,26/10/2021,1,56,79,21,30,10
RC1Spring20211,RC1,26/10/2021,1,43,71,18,18,0
RC2Spring20211,RC2,26/10/2021,1,32,53,15,17,0
RC3Spring20211,RC3,26/10/2021,1,41,75,16,23,0
RC4Spring20211,RC4,26/10/2021,1,74,99,23,25,0
RC5Spring20211,RC5,26/10/2021,1,54,64,17,17,0
RC6Spring20211,RC6,26/10/2021,1,20,33,10,13,3
Y1Spring20211,Y1,26/10/2021,1,35,50,20,26,5
Y2Spring20211,Y2,26/10/2021,1,33,54,17,25,0
Y3Spring20211,Y3,26/10/2021,1,38,55,16,22,0
SR5Spring20191,SR5,26/11/2019,1,55,88,19,21,0
SR6Spring20191,SR6,26/11/2019,1,91,131,26,32,1
SR7Spring20191,SR7,26/11/2019,1,71,100,18,24,0
SR8Spring20191,SR8,26/11/2019,1,37,76,17,21,0
BC1Winter20191,BC1,26/8/2019,1,40,137,18,23,16
BC2Winter20191,BC2,26/8/2019,1,19,58,11,18,3
BC1Spring20201,BC1,26/9/2020,1,41,50,10,13,0
BC2Spring20201,BC2,26/9/2020,1,37,58,11,17,0
Y4Spring20211,Y4,27/10/2021,1,152,180,18,31,8
Y5Spring20211,Y5,27/10/2021,1,31,37,13,16,10
Y6Spring20211,Y6,27/10/2021,1,49,61,24,28,0
RC1Winter20191,RC1,27/8/2019,1,68,129,27,32,3
RC2Winter20191,RC2,27/8/2019,1,31,93,18,22,1
RC3Winter20191,RC3,27/8/2019,1,41,90,12,21,0
RC4Winter20191,RC4,27/8/2019,1,37,87,12,17,0
RC5Winter20191,RC5,27/8/2019,1,53,111,12,19,0
RC6Winter20191,RC6,27/8/2019,1,24,55,10,15,19
IG1Winter20191,IG1,28/6/2019,1,21,88,8,14,19
IG2Winter20191,IG2,28/6/2019,1,38,102,15,17,31
BN1Spring20201,BN1,28/9/2020,1,47,53,16,16,0
BN2Spring20201,BN2,28/9/2020,1,62,65,20,20,0
BN3Spring20201,BN3,28/9/2020,1,41,54,19,20,0
BN4Spring20201,BN4,28/9/2020,1,57,76,21,26,1
BN5Spring20201,BN5,28/9/2020,1,87,100,19,19,9
BN6Spring20201,BN6,28/9/2020,1,80,127,19,26,0
G1Spring20201,G1,28/9/2020,1,49,58,15,17,0
G2Spring20201,G2,28/9/2020,1,46,53,16,18,0
G3Spring20201,G3,28/9/2020,1,40,57,16,18,0
G4Spring20201,G4,28/9/2020,1,46,56,20,20,0
BS1Spring20211,BS1,3/11/2021,1,63,75,24,29,0
BS2Spring20211,BS2,3/11/2021,1,36,43,14,14,13
BS3Spring20211,BS3,3/11/2021,1,43,57,17,21,3
BS4Spring20211,BS4,3/11/2021,1,17,29,8,14,0
BS5Spring20211,BS5,3/11/2021,1,26,31,13,15,0
BS6Spring20211,BS6,3/11/2021,1,45,102,16,25,0
SR1Spring20211,SR1,3/11/2021,1,36,50,16,20,8
SR2Spring20211,SR2,3/11/2021,1,27,35,10,13,4
SR3Spring20211,SR3,3/11/2021,1,35,42,18,20,0
SR4Spring20211,SR4,3/11/2021,1,29,43,15,21,0
SR5Spring20211,SR5,3/11/2021,1,43,62,21,28,0
SR6Spring20211,SR6,3/11/2021,1,51,64,25,29,0
SR7Spring20211,SR7,3/11/2021,1,26,31,13,15,7
SR8Spring20211,SR8,3/11/2021,1,31,44,13,20,0
BS1Spring20203,BS1,3/12/2020,1,40,54,9,11,17
BS2Spring20203,BS2,3/12/2020,1,40,64,10,12,7
BS3Spring20203,BS3,3/12/2020,1,36,48,13,14,0
BS4Spring20203,BS4,3/12/2020,1,41,61,13,14,0
BS5Spring20203,BS5,3/12/2020,1,34,47,12,13,13
BS6Spring20203,BS6,3/12/2020,1,45,50,16,17,0
 BS1Summer20191, BS1,3/2/2020,1,29,79,16,22,3
BS10Summer20191,BS10,3/2/2020,1,44,81,13,18,9
BS2Summer20191,BS2,3/2/2020,1,36,53,11,15,10
BS3Summer20191,BS3,3/2/2020,1,74,99,20,25,0
BS4Summer20191,BS4,3/2/2020,1,59,99,21,23,5
BS5Summer20191,BS5,3/2/2020,1,24,43,12,15,4
BS6Summer20191,BS6,3/2/2020,1,33,55,12,14,5
BS7Summer20191,BS7,3/2/2020,1,23,39,9,14,5
BS8Summer20191,BS8,3/2/2020,1,15,28,9,10,6
BS9Summer20191,BS9,3/2/2020,1,22,49,11,19,5
BC1Summer20191,BC1,3/3/2020,1,65,118,18,30,2
BC2Summer20191,BC2,3/3/2020,1,64,106,21,26,1
IG1Summer20191,IG1,3/3/2020,1,31,72,12,22,11
IG2Summer20191,IG2,3/3/2020,1,35,70,14,22,5
SR1Winter20201,SR1,30/6/2020,1,111,145,12,14,18
SR10Winter20201,SR10,30/6/2020,1,35,75,13,22,0
SR2Winter20201,SR2,30/6/2020,1,74,92,12,17,12
SR3Winter20201,SR3,30/6/2020,1,49,85,13,21,3
SR4Winter20201,SR4,30/6/2020,1,27,36,7,10,2
SR5Winter20201,SR5,30/6/2020,1,86,137,15,19,0
SR6Winter20201,SR6,30/6/2020,1,67,78,20,22,10
SR7Winter20201,SR7,30/6/2020,1,36,43,10,13,9
SR8Winter20201,SR8,30/6/2020,1,43,80,15,22,6
SR9Winter20201,SR9,30/6/2020,1,43,58,14,21,0
Y1Winter20201,Y1,30/6/2020,1,52,68,12,12,33
Y2Winter20201,Y2,30/6/2020,1,41,69,10,13,0
Y3Winter20201,Y3,30/6/2020,1,34,46,11,13,2
Y4Winter20201,Y4,30/6/2020,1,42,63,15,15,3
Y5Winter20201,Y5,30/6/2020,1,43,53,11,13,5
Y6Winter20201,Y6,30/6/2020,1,50,66,10,13,22
RC1Spring20191,RC1,4/11/2019,1,53,78,22,32,1
RC2Spring20191,RC2,4/11/2019,1,54,76,24,28,0
RC3Spring20191,RC3,4/11/2019,1,25,54,12,20,2
RC4Spring20191,RC4,4/11/2019,1,28,40,14,16,1
RC5Spring20191,RC5,4/11/2019,1,31,47,13,17,0
RC6Spring20191,RC6,4/11/2019,1,29,45,13,17,3
BS10Spring20211,BS10,4/11/2021,1,45,66,19,24,6
BS7Spring20211,BS7,4/11/2021,1,45,77,18,25,0
BS8Spring20211,BS8,4/11/2021,1,65,104,20,23,21
BS9Spring20211,BS9,4/11/2021,1,45,72,22,29,0
BS10Spring20203,BS10,4/12/2020,1,41,57,16,22,1
BS7Spring20203,BS7,4/12/2020,1,37,46,14,14,6
BS8Spring20203,BS8,4/12/2020,1,61,75,19,19,16
BS9Spring20203,BS9,4/12/2020,1,54,75,18,24,0
RC1Summer20191,RC1,4/2/2020,1,17,44,8,14,13
RC2Summer20191,RC2,4/2/2020,1,18,42,10,20,4
RC3Summer20191,RC3,4/2/2020,1,44,65,13,22,0
RC4Summer20191,RC4,4/2/2020,1,51,101,9,15,0
RC5Summer20191,RC5,4/2/2020,1,68,128,13,21,2
RC6Summer20191,RC6,4/2/2020,1,108,161,11,16,12
GP1Autumn20211,GP1,15/04/2021,1,93,148,25,33,2
GP2Autumn20211,GP2,15/04/2021,1,92,100,26,27,0
GP3Autumn20211,GP3,15/04/2021,1,36,55,12,16,0
GP4Autumn20211,GP4,15/04/2021,1,41,54,15,18,0
SR1Autumn20211,SR1,16/04/2021,1,66,74,13,15,22
SR10Autumn20211,SR10,16/04/2021,1,40,44,14,16,0
SR2Autumn20211,SR2,16/04/2021,1,34,59,13,15,2
SR3Autumn20211,SR3,16/04/2021,1,35,36,10,10,2
SR4Autumn20211,SR4,16/04/2021,1,17,28,9,12,2
SR5Autumn20211,SR5,16/04/2021,1,63,76,16,19,0
SR6Autumn20211,SR6,16/04/2021,1,109,139,22,27,3
SR7Autumn20211,SR7,16/04/2021,1,26,28,13,14,3
SR8Autumn20211,SR8,16/04/2021,1,39,40,11,12,0
SR9Autumn20211,SR9,16/04/2021,1,42,52,15,19,0
Y1Autumn20211,Y1,4/05/2021,1,55,94,21,29,8
Y2Autumn20211,Y2,4/05/2021,1,95,155,27,30,0
Y3Autumn20211,Y3,4/05/2021,1,50,79,17,22,0
Y4Autumn20211,Y4,4/05/2021,1,43,68,12,18,8
BN1Autumn20211,BN1,10/05/2021,1,104,132,19,20,8
BN2Autumn20211,BN2,10/05/2021,1,60,65,20,20,6
BN3Autumn20211,BN3,10/05/2021,1,42,58,13,14,3
BN4Autumn20211,BN4,10/05/2021,1,53,64,16,20,3
BN5Autumn20211,BN5,10/05/2021,1,66,90,13,15,6
BN6Autumn20211,BN6,10/05/2021,1,68,95,19,25,2
G1Autumn20211,G1,10/05/2021,1,47,49,13,15,0
G2Autumn20211,G2,10/05/2021,1,36,39,9,11,0
G3Autumn20211,G3,10/05/2021,1,49,83,15,16,0
G4Autumn20211,G4,10/05/2021,1,37,50,12,16,0
Y5Autumn20211,Y5,11/05/2021,1,43,52,15,18,9
Y6Autumn20211,Y6,11/05/2021,1,57,96,20,30,2
RC1Autumn20211,RC1,15/05/2021,1,52,83,20,20,0
RC2Autumn20211,RC2,15/05/2021,1,37,56,14,16,0
RC3Autumn20211,RC3,15/05/2021,1,50,111,14,18,0
RC4Autumn20211,RC4,15/05/2021,1,49,65,19,21,0
RC5Autumn20211,RC5,15/05/2021,1,48,74,20,21,0
RC6Autumn20211,RC6,15/05/2021,1,39,64,14,19,3
BC1Autumn20211,BC1,27/05/2021,1,84,100,16,18,5
BC2Autumn20211,BC2,27/05/2021,1,52,64,13,14,0
IG1Autumn20211,IG1,27/05/2021,1,46,46,10,10,17
IG2Autumn20211,IG2,27/05/2021,1,60,78,9,13,6
BS1Autumn20211,BS1,28/05/2021,1,37,44,9,11,6
BS10Autumn20211,BS10,28/05/2021,1,49,57,13,14,0
BS2Autumn20211,BS2,28/05/2021,1,32,36,8,8,4
BS3Autumn20211,BS3,28/05/2021,1,32,36,9,9,0
BS4Autumn20211,BS4,28/05/2021,1,23,32,9,12,2
BS5Autumn20211,BS5,28/05/2021,1,16,17,7,7,0
BS6Autumn20211,BS6,28/05/2021,1,66,87,19,23,5
BS7Autumn20211,BS7,28/05/2021,1,88,89,16,17,4
BS8Autumn20211,BS8,28/05/2021,1,50,69,12,13,8
BS9Autumn20211,BS9,28/05/2021,1,99,119,19,22,4
RC1Winter20211,RC1,14/07/2021,1,67,102,26,26,0
RC2Winter20211,RC2,14/07/2021,1,57,92,19,21,0
RC3Winter20211,RC3,14/07/2021,1,68,168,24,26,0
RC4Winter20211,RC4,14/07/2021,1,54,69,21,21,0
RC5Winter20211,RC5,14/07/2021,1,49,73,22,24,0
RC6Winter20211,RC6,14/07/2021,1,42,71,12,21,8
GP1Winter20211,GP1,24/07/2021,1,46,57,12,13,0
GP2Winter20211,GP2,24/07/2021,1,55,60,13,13,0
GP3Winter20211,GP3,24/07/2021,1,41,52,12,15,2
GP4Winter20211,GP4,24/07/2021,1,84,87,15,17,0
BC1Winter20211,BC1,25/07/2021,1,79,91,18,19,0
BC2Winter20211,BC2,25/07/2021,1,90,94,14,16,7
IG1Winter20211,IG1,25/07/2021,1,42,56,8,10,11
IG2Winter20211,IG2,25/07/2021,1,62,78,16,19,11
SR1Winter20211,SR1,26/07/2021,1,86,165,13,18,13
SR10Winter20211,SR10,26/07/2021,1,62,87,19,23,0
SR2Winter20211,SR2,26/07/2021,1,98,132,12,18,13
SR3Winter20211,SR3,26/07/2021,1,77,81,22,23,13
SR4Winter20211,SR4,26/07/2021,1,68,79,13,16,17
SR5Winter20211,SR5,26/07/2021,1,107,125,22,23,4
SR6Winter20211,SR6,26/07/2021,1,83,113,21,24,4
SR7Winter20211,SR7,26/07/2021,1,62,78,14,21,17
SR8Winter20211,SR8,26/07/2021,1,59,66,11,13,0
SR9Winter20211,SR9,26/07/2021,1,58,82,20,24,4
Y3Winter20211,Y3,27/07/2021,1,41,68,11,14,1
Y4Winter20211,Y4,27/07/2021,1,45,60,16,17,5
Y5Winter20211,Y5,27/07/2021,1,41,55,10,11,13
Y6Winter20211,Y6,27/07/2021,1,35,51,16,20,2
Y1Winter20211,Y1,28/07/2021,1,41,58,12,17,8
Y2Winter20211,Y2,28/07/2021,1,47,72,14,19,3
BC1Summer20211,BC1,6/12/2021,1,47,63,18,23,0
BC2Summer20211,BC2,6/12/2021,1,28,32,14,15,0
GP1Summer20211,GP1,6/12/2021,1,82,105,18,20,0
GP2Summer20211,GP2,6/12/2021,1,37,49,18,22,0
GP3Summer20211,GP3,6/12/2021,1,38,57,17,20,0
GP4Summer20211,GP4,6/12/2021,1,37,62,24,31,0
Y1Summer20211,Y1,6/12/2021,1,44,63,21,25,6
Y2Summer20211,Y2,6/12/2021,1,45,60,20,28,0
Y3Summer20211,Y3,6/12/2021,1,29,44,14,22,2
Y4Summer20211,Y4,6/12/2021,1,32,46,19,24,4
Y5Summer20211,Y5,6/12/2021,1,13,22,8,13,5
Y6Summer20211,Y6,6/12/2021,1,42,48,22,23,0
IG1Summer20211,IG1,7/12/2021,1,83,98,12,17,8
IG2Summer20211,IG2,7/12/2021,1,51,80,24,37,2
BS10Summer20211,BS10,31/01/2022,1,20,30,8,10,0
BS5Summer20211,BS5,31/01/2022,1,19,32,7,10,0
BS6Summer20211,BS6,31/01/2022,1,46,74,18,21,0
BS7Summer20211,BS7,31/01/2022,1,41,61,14,17,0
BS8Summer20211,BS8,31/01/2022,1,44,59,13,17,4
BS9Summer20211,BS9,31/01/2022,1,30,38,12,17,0
G1Summer20211,G1,31/01/2022,1,33,44,16,20,0
G2Summer20211,G2,31/01/2022,1,23,28,14,15,0
G3Summer20211,G3,31/01/2022,1,15,29,9,12,0
G4Summer20211,G4,31/01/2022,1,18,34,9,17,0
SR10Summer20211,SR10,31/01/2022,1,24,38,13,19,1
SR3Summer20211,SR3,31/01/2022,1,45,70,11,24,0
SR4Summer20211,SR4,31/01/2022,1,40,54,18,22,7
SR9Summer20211,SR9,31/01/2022,1,34,49,23,27,0
BN1Summer20211,BN1,1/02/2022,1,17,28,10,17,0
BN2Summer20211,BN2,1/02/2022,1,16,19,8,11,0
BN3Summer20211,BN3,1/02/2022,1,19,35,10,14,2
BN4Summer20211,BN4,1/02/2022,1,32,72,10,17,0
BN5Summer20211,BN5,1/02/2022,1,41,55,13,18,1
BN6Summer20211,BN6,1/02/2022,1,40,70,15,25,0
SR1Summer20211,SR1,1/02/2022,1,33,38,8,11,8
SR2Summer20211,SR2,1/02/2022,1,15,20,6,8,2
SR5Summer20211,SR5,1/02/2022,1,89,103,27,30,0
SR6Summer20211,SR6,1/02/2022,1,72,100,31,37,0
SR7Summer20211,SR7,1/02/2022,1,23,35,10,14,8
SR8Summer20211,SR8,1/02/2022,1,28,48,12,19,0
BS1Summer20211,BS1,2/02/2022,1,49,60,22,27,0
BS2Summer20211,BS2,2/02/2022,1,15,21,5,5,0
BS3Summer20211,BS3,2/02/2022,1,43,65,19,20,0
BS4Summer20211,BS4,2/02/2022,1,28,34,12,14,0
RC1Summer20211,RC1,9/02/2022,1,69,103,21,21,0
RC2Summer20211,RC2,9/02/2022,1,47,60,17,17,0
RC3Summer20211,RC3,9/02/2022,1,85,113,18,21,0
RC4Summer20211,RC4,9/02/2022,1,68,83,20,23,0
RC5Summer20211,RC5,9/02/2022,1,55,66,17,18,0
RC6Summer20211,RC6,9/02/2022,1,20,48,9,16,6
GP1Spring20191,GP1,5/11/2019,1,21,31,8,11,1
GP2Spring20191,GP2,5/11/2019,1,62,94,22,24,6
GP3Spring20191,GP3,5/11/2019,1,29,56,16,22,2
GP4Spring20191,GP4,5/11/2019,1,72,82,21,23,2
BN1Winter20191,BN1,5/8/2019,1,42,101,10,13,5
BN2Winter20191,BN2,5/8/2019,1,29,85,8,13,0
BN3Winter20191,BN3,5/8/2019,1,31,67,13,16,6
BN4Winter20191,BN4,5/8/2019,1,30,75,11,15,0
BN5Winter20191,BN5,5/8/2019,1,31,73,10,13,7
BN6Winter20191,BN6,5/8/2019,1,47,97,14,16,5
RC1Spring20201,RC1,6/10/2020,1,24,37,13,16,0
RC2Spring20201,RC2,6/10/2020,1,37,58,13,14,0
RC3Spring20201,RC3,6/10/2020,1,113,147,18,20,0
RC4Spring20201,RC4,6/10/2020,1,51,81,13,16,0
RC5Spring20201,RC5,6/10/2020,1,41,49,15,17,0
RC6Spring20201,RC6,6/10/2020,1,23,38,7,14,7
BN1Winter20201,BN1,6/7/2020,1,61,89,12,16,0
BN2Winter20201,BN2,6/7/2020,1,18,26,9,12,2
BN3Winter20201,BN3,6/7/2020,1,36,44,12,14,0
BN4Winter20201,BN4,6/7/2020,1,82,115,12,16,2
BN5Winter20201,BN5,6/7/2020,1,99,130,24,25,2
BN6Winter20201,BN6,6/7/2020,1,93,120,14,20,2
G1Winter20201,G1,6/7/2020,1,73,119,19,25,0
G2Winter20201,G2,6/7/2020,1,15,45,7,11,0
G3Winter20201,G3,6/7/2020,1,84,98,18,19,4
G4Winter20201,G4,6/7/2020,1,39,83,11,22,2
G1Winter20191,G1,6/8/2019,1,44,99,14,17,5
G2Winter20191,G2,6/8/2019,1,32,80,15,23,0
G3Winter20191,G3,6/8/2019,1,28,67,16,19,4
G4Winter20191,G4,6/8/2019,1,24,68,13,20,0
SR10Spring20211,SR10,8/11/2021,1,25,35,17,21,0
SR9Spring20211,SR9,8/11/2021,1,37,52,16,23,0
SR1Summer20201,SR1,8/2/2021,1,60,85,11,17,25
SR10Summer20201,SR10,8/2/2021,1,17,21,13,15,0
SR2Summer20201,SR2,8/2/2021,1,51,59,11,14,13
SR3Summer20201,SR3,8/2/2021,1,22,25,14,17,0
SR4Summer20201,SR4,8/2/2021,1,11,25,8,15,1
SR5Summer20201,SR5,8/2/2021,1,74,79,16,18,0
SR6Summer20201,SR6,8/2/2021,1,72,88,23,28,0
SR7Summer20201,SR7,8/2/2021,1,22,30,10,12,11
SR8Summer20201,SR8,8/2/2021,1,16,20,7,10,0
SR9Summer20201,SR9,8/2/2021,1,19,40,9,15,0
IG1Spring20201,IG1,9/10/2020,1,35,49,11,14,16
IG2Spring20201,IG2,9/10/2020,1,65,84,19,24,0
Y1Spring20201,Y1,9/10/2020,1,51,59,14,14,22
Y2Spring20201,Y2,9/10/2020,1,35,55,10,13,0
Y3Spring20201,Y3,9/10/2020,1,31,44,13,15,2
Y4Spring20201,Y4,9/10/2020,1,42,63,15,15,0
Y5Spring20201,Y5,9/10/2020,1,43,53,10,12,7
Y6Spring20201,Y6,9/10/2020,1,38,53,11,13,6
BS1Summer20201,BS1,9/2/2021,1,47,60,15,20,0
BS10Summer20201,BS10,9/2/2021,1,81,103,23,27,0
BS2Summer20201,BS2,9/2/2021,1,13,15,4,5,6
BS3Summer20201,BS3,9/2/2021,1,55,56,16,17,0
BS4Summer20201,BS4,9/2/2021,1,22,22,11,11,0
BS5Summer20201,BS5,9/2/2021,1,16,18,10,12,3
BS6Summer20201,BS6,9/2/2021,1,65,67,17,18,0
BS7Summer20201,BS7,9/2/2021,1,55,61,21,22,4
BS8Summer20201,BS8,9/2/2021,1,43,57,15,21,9
BS9Summer20201,BS9,9/2/2021,1,67,94,23,32,3
GP1Winter20201,GP1,9/7/2020,1,36,70,15,23,0
GP2Winter20201,GP2,9/7/2020,1,32,44,15,17,2
GP3Winter20201,GP3,9/7/2020,1,21,39,7,14,8
GP4Winter20201,GP4,9/7/2020,1,46,55,14,15,1
GP1Winter20191,GP1,9/8/2019,1,42,117,17,20,0
GP2Winter20191,GP2,9/8/2019,1,51,103,15,18,0
GP3Winter20191,GP3,9/8/2019,1,45,66,12,13,0
GP4Winter20191,GP4,9/8/2019,1,53,92,13,14,6
GP1Spring20212,GP1,1/11/2021,2,125,176,30,38,0
GP2Spring20212,GP2,1/11/2021,2,47,74,18,28,0
GP3Spring20212,GP3,1/11/2021,2,62,127,25,35,0
GP4Spring20212,GP4,1/11/2021,2,60,125,28,37,0
BS10Spring20212,BS10,10/11/2021,2,44,70,20,23,0
BS7Spring20212,BS7,10/11/2021,2,45,79,20,25,0
BS8Spring20212,BS8,10/11/2021,2,43,77,17,18,15
BS9Spring20212,BS9,10/11/2021,2,81,151,28,35,0
BS1Summer20192,BS1,10/2/2020,2,49,77,14,18,3
BS2Summer20192,BS2,10/2/2020,2,42,55,10,14,10
BS3Summer20192,BS3,10/2/2020,2,46,67,12,19,3
BS4Summer20192,BS4,10/2/2020,2,31,51,11,16,0
BS5Summer20192,BS5,10/2/2020,2,18,40,7,11,2
SR1Summer20202,SR1,11/2/2021,2,48,49,9,10,18
SR10Summer20202,SR10,11/2/2021,2,41,60,16,22,0
SR2Summer20202,SR2,11/2/2021,2,31,31,8,8,14
SR3Summer20202,SR3,11/2/2021,2,51,56,14,18,4
SR4Summer20202,SR4,11/2/2021,2,23,27,8,11,0
SR5Summer20202,SR5,11/2/2021,2,109,129,25,28,0
SR6Summer20202,SR6,11/2/2021,2,102,130,26,33,3
SR7Summer20202,SR7,11/2/2021,2,33,44,12,16,7
SR8Summer20202,SR8,11/2/2021,2,43,69,18,25,2
SR9Summer20202,SR9,11/2/2021,2,26,37,8,13,0
IG1Spring20202,IG1,12/10/2020,2,44,49,15,17,9
IG2Spring20202,IG2,12/10/2020,2,65,79,20,22,0
BS1Summer20202,BS1,12/2/2021,2,30,38,12,14,5
BS10Summer20202,BS10,12/2/2021,2,22,28,9,12,2
BS2Summer20202,BS2,12/2/2021,2,18,27,7,9,5
BS3Summer20202,BS3,12/2/2021,2,60,81,22,23,0
BS4Summer20202,BS4,12/2/2021,2,66,75,21,22,0
BS5Summer20202,BS5,12/2/2021,2,35,36,13,14,0
BS6Summer20202,BS6,12/2/2021,2,71,85,28,30,0
BS7Summer20202,BS7,12/2/2021,2,24,34,10,13,0
BS8Summer20202,BS8,12/2/2021,2,15,22,6,8,6
BS9Summer20202,BS9,12/2/2021,2,18,27,7,11,2
BN1Summer20192,BN1,13/3/2020,2,33,51,13,19,0
BN2Summer20192,BN2,13/3/2020,2,28,42,11,19,5
BN3Summer20192,BN3,13/3/2020,2,31,78,15,25,1
BN4Summer20192,BN4,13/3/2020,2,29,53,9,14,0
BN5Summer20192,BN5,13/3/2020,2,58,98,17,25,5
BN6Summer20192,BN6,13/3/2020,2,60,110,15,26,6
G1Summer20192,G1,13/3/2020,2,9,24,5,11,2
G2Summer20192,G2,13/3/2020,2,22,29,7,9,0
G3Summer20192,G3,13/3/2020,2,24,38,11,14,2
G4Summer20192,G4,13/3/2020,2,7,21,4,9,0
GP1Winter20202,GP1,13/7/2020,2,41,53,14,19,3
GP2Winter20202,GP2,13/7/2020,2,45,74,14,18,4
GP3Winter20202,GP3,13/7/2020,2,25,36,10,14,5
GP4Winter20202,GP4,13/7/2020,2,31,51,13,18,3
GP1Winter20192,GP1,13/8/2019,2,29,60,12,14,3
GP2Winter20192,GP2,13/8/2019,2,50,102,13,21,4
GP3Winter20192,GP3,13/8/2019,2,26,66,9,17,0
GP4Winter20192,GP4,13/8/2019,2,58,105,15,16,8
Y1Spring20202,Y1,14/10/2020,2,47,66,12,12,21
Y2Spring20202,Y2,14/10/2020,2,61,75,12,15,11
Y3Spring20202,Y3,14/10/2020,2,36,52,11,13,2
Y4Spring20202,Y4,14/10/2020,2,31,43,11,12,3
Y5Spring20202,Y5,14/10/2020,2,45,75,12,14,0
Y6Spring20202,Y6,14/10/2020,2,57,67,15,15,20
BS1Spring20192,BS1,14/11/2019,2,24,50,11,15,0
BS2Spring20192,BS2,14/11/2019,2,17,27,5,8,4
BS3Spring20192,BS3,14/11/2019,2,61,83,18,19,3
BS4Spring20192,BS4,14/11/2019,2,32,46,11,16,0
BS5Spring20192,BS5,14/11/2019,2,46,76,18,25,3
BS6Spring20192,BS6,14/11/2019,2,90,126,25,30,1
SR1 Spring20212,SR1 ,15/11/2021,2,28,41,7,15,5
SR10Spring20212,SR10,15/11/2021,2,31,50,19,25,0
SR2Spring20212,SR2,15/11/2021,2,38,48,12,17,2
SR5Spring20212,SR5,15/11/2021,2,57,72,27,34,0
SR6Spring20212,SR6,15/11/2021,2,47,77,26,32,0
SR7Spring20212,SR7,15/11/2021,2,26,31,14,17,5
SR8Spring20212,SR8,15/11/2021,2,42,53,12,20,0
SR9Spring20212,SR9,15/11/2021,2,35,46,14,20,0
BN5Summer20202,BN5,15/2/2021,2,33,37,12,13,5
BN6Summer20202,BN6,15/2/2021,2,47,86,17,20,0
RC1Winter20202,RC1,15/7/2020,2,33,46,14,18,6
RC2Winter20202,RC2,15/7/2020,2,58,95,16,20,0
RC3Winter20202,RC3,15/7/2020,2,59,98,12,19,0
RC4Winter20202,RC4,15/7/2020,2,120,134,17,18,0
RC5Winter20202,RC5,15/7/2020,2,21,35,10,13,0
RC6Winter20202,RC6,15/7/2020,2,26,47,8,12,7
BS1Winter20192,BS1,15/8/2019,2,29,81,10,14,8
BS2Winter20192,BS2,15/8/2019,2,38,78,8,10,26
BS3Winter20192,BS3,15/8/2019,2,27,87,12,15,3
BS4Winter20192,BS4,15/8/2019,2,32,92,10,17,6
BS5Winter20192,BS5,15/8/2019,2,42,110,15,19,2
BS6Winter20192,BS6,15/8/2019,2,61,163,19,20,3
BS7Winter20192,BS7,15/8/2019,2,29,61,13,13,4
BS10Spring20192,BS10,16/12/2019,2,59,120,24,31,0
BS7Spring20192,BS7,16/12/2019,2,18,26,10,15,1
BS8Spring20192,BS8,16/12/2019,2,20,26,8,9,3
BS9Spring20192,BS9,16/12/2019,2,88,133,26,28,0
BS10Winter20192,BS10,16/8/2019,2,53,187,18,26,19
BS8Winter20192,BS8,16/8/2019,2,44,106,16,20,20
BS9Winter20192,BS9,16/8/2019,2,78,209,26,33,22
BC1Spring20192,BC1,17/11/2019,2,42,70,16,21,0
BC2Spring20192,BC2,17/11/2019,2,12,33,6,13,0
IG1Spring20192,IG1,17/11/2019,2,76,115,23,27,10
IG2Spring20192,IG2,17/11/2019,2,64,140,18,24,4
Y1Winter20192,Y1,17/8/2019,2,40,61,12,13,15
Y2Winter20192,Y2,17/8/2019,2,31,50,11,14,13
BN1Summer20202,BN1,18/2/2021,2,36,41,8,11,0
BN2Summer20202,BN2,18/2/2021,2,26,33,8,12,0
BN3Summer20202,BN3,18/2/2021,2,24,25,12,13,0
BN4Summer20202,BN4,18/2/2021,2,78,88,17,18,0
G1Summer20202,G1,18/2/2021,2,68,95,21,27,10
G2Summer20202,G2,18/2/2021,2,60,105,15,20,0
G3Summer20202,G3,18/2/2021,2,51,55,17,18,0
G4Summer20202,G4,18/2/2021,2,48,76,14,18,0
Y3Winter20192,Y3,18/8/2019,2,36,74,12,13,10
Y4Winter20192,Y4,18/8/2019,2,48,81,15,17,10
Y5Winter20192,Y5,18/8/2019,2,55,76,11,12,15
Y6Winter20192,Y6,18/8/2019,2,34,66,10,12,0
BS10Spring20202,BS10,19/10/2020,2,51,66,17,19,1
BS5Spring20202,BS5,19/10/2020,2,39,69,13,14,10
BS6Spring20202,BS6,19/10/2020,2,54,96,17,19,0
BS7Spring20202,BS7,19/10/2020,2,35,72,13,18,5
BS8Spring20202,BS8,19/10/2020,2,47,81,16,19,1
BS9Spring20202,BS9,19/10/2020,2,49,74,19,20,0
BC1Summer20202,BC1,19/2/2021,2,139,187,25,34,4
BC2Summer20202,BC2,19/2/2021,2,66,76,23,25,5
BC1Winter20192,BC1,2/9/2019,2,34,93,13,21,12
BC2Winter20192,BC2,2/9/2019,2,45,108,19,23,6
IG1Winter20192,IG1,2/9/2019,2,22,60,8,10,18
IG2Winter20192,IG2,2/9/2019,2,32,89,15,16,17
RC1Summer20202,RC1,20/1/2021,2,58,77,15,18,0
RC2Summer20202,RC2,20/1/2021,2,63,95,15,17,0
RC3Summer20202,RC3,20/1/2021,2,58,103,13,18,0
RC4Summer20202,RC4,20/1/2021,2,58,99,17,18,0
RC5Summer20202,RC5,20/1/2021,2,36,53,13,14,0
RC6Summer20202,RC6,20/1/2021,2,51,85,14,16,6
BS1Spring20202,BS1,20/10/2020,2,24,35,9,11,1
BS2Spring20202,BS2,20/10/2020,2,35,58,11,13,18
BS3Spring20202,BS3,20/10/2020,2,38,62,12,13,0
BS4Spring20202,BS4,20/10/2020,2,40,74,15,18,7
BC1Spring20204,BC1,20/11/2020,2,72,81,22,23,4
BC2Spring20204,BC2,20/11/2020,2,55,66,21,23,0
IG1Spring20204,IG1,20/11/2020,2,40,51,13,16,12
IG2Spring20204,IG2,20/11/2020,2,32,45,13,17,5
GP1Summer20192,GP1,20/2/2020,2,32,90,18,26,0
GP2Summer20192,GP2,20/2/2020,2,38,63,13,20,2
GP3Summer20192,GP3,20/2/2020,2,28,50,12,15,0
GP4Summer20192,GP4,20/2/2020,2,30,76,10,18,1
SR1Summer20192,SR1,20/3/2020,2,36,69,12,15,11
SR10Summer20192,SR10,20/3/2020,2,41,81,13,22,0
SR2Summer20192,SR2,20/3/2020,2,26,44,11,15,5
SR3Summer20192,SR3,20/3/2020,2,34,49,10,14,4
SR4Summer20192,SR4,20/3/2020,2,8,27,1,9,2
SR5Summer20192,SR5,20/3/2020,2,63,111,19,24,0
SR6Summer20192,SR6,20/3/2020,2,39,87,17,22,0
SR7Summer20192,SR7,20/3/2020,2,27,50,11,15,10
SR8Summer20192,SR8,20/3/2020,2,27,56,11,15,0
SR9Summer20192,SR9,20/3/2020,2,43,87,15,25,0
BC1Winter20202,BC1,20/7/2020,2,61,109,15,19,0
BC2Winter20202,BC2,20/7/2020,2,39,58,15,19,0
IG1Winter20202,IG1,20/7/2020,2,57,96,13,19,8
IG2Winter20202,IG2,20/7/2020,2,94,133,19,23,6
G1Spring20192,G1,21/11/2019,2,95,147,19,25,2
G2Spring20192,G2,21/11/2019,2,50,118,19,24,0
G3Spring20192,G3,21/11/2019,2,20,31,12,17,0
G4Spring20192,G4,21/11/2019,2,12,20,6,10,0
GP1Spring20204,GP1,21/11/2020,2,55,81,15,19,3
GP2Spring20204,GP2,21/11/2020,2,50,88,14,17,4
GP3Spring20204,GP3,21/11/2020,2,33,53,12,15,5
GP4Spring20204,GP4,21/11/2020,2,38,67,15,20,3
BS10Winter20202,BS10,21/7/2020,2,55,72,18,21,1
BS5Winter20202,BS5,21/7/2020,2,33,62,11,14,4
BS6Winter20202,BS6,21/7/2020,2,56,99,17,19,0
BS7Winter20202,BS7,21/7/2020,2,35,67,13,18,5
BS8Winter20202,BS8,21/7/2020,2,47,79,16,19,1
BS9Winter20202,BS9,21/7/2020,2,59,98,23,25,3
BN1Spring20192,BN1,22/11/2019,2,17,25,9,10,0
BN2Spring20192,BN2,22/11/2019,2,16,23,11,12,0
BN3Spring20192,BN3,22/11/2019,2,35,47,15,18,0
BN4Spring20192,BN4,22/11/2019,2,26,52,15,21,0
BN5Spring20192,BN5,22/11/2019,2,47,64,12,15,3
BN6Spring20192,BN6,22/11/2019,2,19,38,7,13,0
Y1Spring20192,Y1,22/11/2019,2,73,95,24,27,13
Y2Spring20192,Y2,22/11/2019,2,34,45,15,20,4
Y3Spring20192,Y3,22/11/2019,2,38,55,16,20,0
Y6Spring20192,Y6,22/11/2019,2,7,29,4,16,0
IG1Summer20202,IG1,22/2/2021,2,29,34,10,12,17
IG2Summer20202,IG2,22/2/2021,2,28,36,11,14,0
BS1Winter20202,BS1,22/7/2020,2,21,29,8,10,1
BS2Winter20202,BS2,22/7/2020,2,31,54,9,13,18
BS3Winter20202,BS3,22/7/2020,2,38,62,12,13,0
BS4Winter20202,BS4,22/7/2020,2,41,75,15,18,7
SR1Winter20192,SR1,22/8/2019,2,52,100,7,10,25
SR10Winter20192,SR10,22/8/2019,2,24,86,13,21,0
SR2Winter20192,SR2,22/8/2019,2,12,51,5,7,26
SR3Winter20192,SR3,22/8/2019,2,26,66,9,11,0
SR4Winter20192,SR4,22/8/2019,2,24,63,7,11,0
SR9Winter20192,SR9,22/8/2019,2,27,75,5,13,0
GP1Summer20202,GP1,23/1/2021,2,54,80,15,19,3
GP2Summer20202,GP2,23/1/2021,2,53,94,15,17,6
GP3Summer20202,GP3,23/1/2021,2,47,71,14,17,0
GP4Summer20202,GP4,23/1/2021,2,40,69,15,20,0
Y4Spring20192,Y4,23/11/2019,2,61,76,20,23,0
Y5Spring20192,Y5,23/11/2019,2,30,48,13,17,6
SR1Spring20204,SR1,23/11/2020,2,52,69,13,18,13
SR10Spring20204,SR10,23/11/2020,2,69,100,22,28,0
SR2Spring20204,SR2,23/11/2020,2,62,79,15,15,14
SR3Spring20204,SR3,23/11/2020,2,55,65,13,14,5
SR4Spring20204,SR4,23/11/2020,2,23,28,9,12,0
SR5Spring20204,SR5,23/11/2020,2,73,82,22,24,0
SR6Spring20204,SR6,23/11/2020,2,82,97,22,29,0
SR7Spring20204,SR7,23/11/2020,2,46,53,15,18,7
SR8Spring20204,SR8,23/11/2020,2,30,35,8,11,0
SR9Spring20204,SR9,23/11/2020,2,69,92,28,32,0
SR5Winter20192,SR5,23/8/2019,2,47,121,17,22,0
SR6Winter20192,SR6,23/8/2019,2,42,135,20,29,0
SR7Winter20192,SR7,23/8/2019,2,33,89,12,17,15
SR8Winter20192,SR8,23/8/2019,2,38,80,12,18,0
BN1Spring20204,BN1,24/11/2020,2,40,58,14,18,3
BN2Spring20204,BN2,24/11/2020,2,38,40,15,17,0
BN3Spring20204,BN3,24/11/2020,2,23,28,10,10,0
BN4Spring20204,BN4,24/11/2020,2,62,86,21,22,0
BN5Spring20204,BN5,24/11/2020,2,77,85,20,21,9
BN6Spring20204,BN6,24/11/2020,2,75,143,28,38,3
G1Spring20204,G1,24/11/2020,2,22,22,9,9,0
G2Spring20204,G2,24/11/2020,2,19,21,8,8,0
G3Spring20204,G3,24/11/2020,2,11,14,6,7,0
G4Spring20204,G4,24/11/2020,2,18,22,9,11,0
Y1Summer20202,Y1,25/1/2021,2,59,80,12,13,29
Y2Summer20202,Y2,25/1/2021,2,78,100,16,19,0
Y3Summer20202,Y3,25/1/2021,2,62,81,15,16,5
Y4Summer20202,Y4,25/1/2021,2,46,61,14,15,0
Y5Summer20202,Y5,25/1/2021,2,58,108,16,18,14
Y6Summer20202,Y6,25/1/2021,2,66,89,18,19,10
RC1Spring20204,RC1,26/11/2020,2,33,49,14,18,0
RC2Spring20204,RC2,26/11/2020,2,60,98,15,18,0
RC3Spring20204,RC3,26/11/2020,2,63,118,13,19,0
RC4Spring20204,RC4,26/11/2020,2,70,120,17,18,0
RC5Spring20204,RC5,26/11/2020,2,22,34,11,13,0
RC6Spring20204,RC6,26/11/2020,2,43,75,10,14,0
BC1Spring20212,BC1,28/10/2021,2,58,145,24,40,0
BC2Spring20212,BC2,28/10/2021,2,45,99,25,33,0
SR1Spring20192,SR1,28/11/2019,2,57,77,13,15,14
SR10Spring20192,SR10,28/11/2019,2,51,93,19,26,0
SR2Spring20192,SR2,28/11/2019,2,28,48,7,15,8
SR3Spring20192,SR3,28/11/2019,2,44,62,19,23,0
SR4Spring20192,SR4,28/11/2019,2,32,44,16,18,0
SR9Spring20192,SR9,28/11/2019,2,43,84,18,26,5
GP1Spring20202,GP1,28/9/2020,2,33,48,12,17,3
GP2Spring20202,GP2,28/9/2020,2,43,64,13,16,4
GP3Spring20202,GP3,28/9/2020,2,25,42,11,14,0
GP4Spring20202,GP4,28/9/2020,2,33,56,14,18,3
IG1Spring20212,IG1,29/10/2021,2,32,43,14,15,8
IG2Spring20212,IG2,29/10/2021,2,43,63,22,31,3
RC1Spring20212,RC1,29/10/2021,2,47,56,18,18,0
RC2Spring20212,RC2,29/10/2021,2,57,83,20,20,0
RC3Spring20212,RC3,29/10/2021,2,67,91,17,19,0
RC4Spring20212,RC4,29/10/2021,2,86,124,20,22,0
RC5Spring20212,RC5,29/10/2021,2,50,67,17,17,0
RC6Spring20212,RC6,29/10/2021,2,23,46,11,18,1
Y1Spring20212,Y1,29/10/2021,2,33,36,20,23,2
Y2Spring20212,Y2,29/10/2021,2,33,45,20,24,0
Y3Spring20212,Y3,29/10/2021,2,36,49,17,23,0
SR5Spring20192,SR5,29/11/2019,2,66,118,20,26,0
SR6Spring20192,SR6,29/11/2019,2,89,116,27,30,2
SR7Spring20192,SR7,29/11/2019,2,31,48,13,19,5
SR8Spring20192,SR8,29/11/2019,2,44,69,17,22,0
SR1Spring20202,SR1,29/9/2020,2,46,61,11,13,11
SR10Spring20202,SR10,29/9/2020,2,66,109,20,26,0
SR2Spring20202,SR2,29/9/2020,2,33,66,11,14,5
SR3Spring20202,SR3,29/9/2020,2,65,70,20,21,0
SR4Spring20202,SR4,29/9/2020,2,43,52,16,19,0
SR5Spring20202,SR5,29/9/2020,2,108,195,18,26,0
SR6Spring20202,SR6,29/9/2020,2,113,170,24,29,0
SR7Spring20202,SR7,29/9/2020,2,39,42,14,16,8
SR8Spring20202,SR8,29/9/2020,2,69,89,16,17,0
SR9Spring20202,SR9,29/9/2020,2,89,144,19,23,0
Y4Spring20212,Y4,30/10/2021,2,27,37,16,23,4
Y5Spring20212,Y5,30/10/2021,2,20,29,10,12,7
Y6Spring20212,Y6,30/10/2021,2,43,58,26,32,0
RC1Winter20192,RC1,30/8/2019,2,67,117,22,24,10
RC2Winter20192,RC2,30/8/2019,2,76,117,20,25,4
RC3Winter20192,RC3,30/8/2019,2,57,95,19,22,5
RC4Winter20192,RC4,30/8/2019,2,39,59,15,19,0
RC5Winter20192,RC5,30/8/2019,2,48,87,16,17,0
RC6Winter20192,RC6,30/8/2019,2,56,111,16,20,18
GP1Autumn20212,GP1,18/04/2021,2,75,98,23,27,0
GP2Autumn20212,GP2,18/04/2021,2,26,67,9,18,0
GP3Autumn20212,GP3,18/04/2021,2,57,72,16,17,0
GP4Autumn20212,GP4,18/04/2021,2,57,96,18,20,0
SR1Autumn20212,SR1,19/04/2021,2,35,38,8,9,20
SR10Autumn20212,SR10,19/04/2021,2,41,74,15,21,0
SR2Autumn20212,SR2,19/04/2021,2,49,76,12,16,8
SR3Autumn20212,SR3,19/04/2021,2,59,77,15,18,0
SR4Autumn20212,SR4,19/04/2021,2,47,61,20,22,0
SR5Autumn20212,SR5,19/04/2021,2,75,103,19,24,0
SR6Autumn20212,SR6,19/04/2021,2,81,91,22,23,0
SR7Autumn20212,SR7,19/04/2021,2,50,56,12,15,7
SR8Autumn20212,SR8,19/04/2021,2,26,28,11,12,0
SR9Autumn20212,SR9,19/04/2021,2,62,98,21,24,0
Y1Autumn20212,Y1,7/05/2021,2,32,60,14,19,7
Y2Autumn20212,Y2,7/05/2021,2,54,78,20,22,0
Y3Autumn20212,Y3,7/05/2021,2,68,104,20,26,0
Y4Autumn20212,Y4,7/05/2021,2,50,72,19,25,5
BN1Autumn20212,BN1,13/05/2021,2,72,88,17,20,5
BN2Autumn20212,BN2,13/05/2021,2,84,93,14,15,0
BN3Autumn20212,BN3,13/05/2021,2,30,36,11,12,0
BN4Autumn20212,BN4,13/05/2021,2,34,37,9,11,0
BN5Autumn20212,BN5,13/05/2021,2,45,46,17,18,0
BN6Autumn20212,BN6,13/05/2021,2,80,94,16,20,0
G1Autumn20212,G1,13/05/2021,2,61,76,20,24,0
G2Autumn20212,G2,13/05/2021,2,75,78,15,16,0
G3Autumn20212,G3,13/05/2021,2,96,126,19,22,0
G4Autumn20212,G4,13/05/2021,2,49,57,15,18,0
Y5Autumn20212,Y5,14/05/2021,2,27,54,10,17,10
Y6Autumn20212,Y6,14/05/2021,2,67,103,19,21,3
RC1Autumn20212,RC1,18/05/2021,2,82,110,22,23,0
RC2Autumn20212,RC2,18/05/2021,2,74,112,20,21,0
RC3Autumn20212,RC3,18/05/2021,2,81,136,18,22,0
RC4Autumn20212,RC4,18/05/2021,2,81,149,22,23,0
RC5Autumn20212,RC5,18/05/2021,2,60,84,19,20,0
RC6Autumn20212,RC6,18/05/2021,2,46,77,13,14,0
BC1Autumn20212,BC1,30/05/2021,2,36,62,8,11,15
BC2Autumn20212,BC2,30/05/2021,2,38,46,9,11,2
IG1Autumn20212,IG1,30/05/2021,2,45,63,9,10,11
IG2Autumn20212,IG2,30/05/2021,2,34,47,9,10,4
BS1Autumn20212,BS1,31/05/2021,2,52,52,16,16,3
BS10Autumn20212,BS10,31/05/2021,2,74,78,19,21,3
BS2Autumn20212,BS2,31/05/2021,2,56,90,8,13,7
BS3Autumn20212,BS3,31/05/2021,2,93,115,19,20,3
BS4Autumn20212,BS4,31/05/2021,2,24,38,8,13,0
BS5Autumn20212,BS5,31/05/2021,2,46,56,12,12,0
BS6Autumn20212,BS6,31/05/2021,2,101,122,15,17,0
BS7Autumn20212,BS7,31/05/2021,2,27,35,9,10,3
BS8Autumn20212,BS8,31/05/2021,2,24,34,8,9,4
BS9Autumn20212,BS9,31/05/2021,2,42,61,14,24,6
RC1Winter20212,RC1,16/07/2021,2,66,91,23,24,0
RC2Winter20212,RC2,16/07/2021,2,82,111,19,21,0
RC3Winter20212,RC3,16/07/2021,2,77,140,20,21,0
RC4Winter20212,RC4,16/07/2021,2,83,144,21,22,0
RC5Winter20212,RC5,16/07/2021,2,55,77,19,19,0
RC6Winter20212,RC6,16/07/2021,2,61,96,20,20,5
GP1Winter20212,GP1,27/07/2021,2,78,110,16,22,1
GP2Winter20212,GP2,27/07/2021,2,114,145,19,23,14
GP3Winter20212,GP3,27/07/2021,2,110,127,18,19,2
GP4Winter20212,GP4,27/07/2021,2,61,86,15,17,0
BC1Winter20212,BC1,28/07/2021,2,63,80,11,18,1
BC2Winter20212,BC2,28/07/2021,2,43,54,12,14,3
IG1Winter20212,IG1,28/07/2021,2,68,75,18,18,13
IG2Winter20212,IG2,28/07/2021,2,77,105,23,26,6
Y2Winter20212,Y2,28/07/2021,2,52,66,10,10,0
SR1Winter20212,SR1,29/07/2021,2,46,52,7,8,17
SR10Winter20212,SR10,29/07/2021,2,52,67,18,22,0
SR2Winter20212,SR2,29/07/2021,2,69,81,10,13,16
SR3Winter20212,SR3,29/07/2021,2,34,46,5,10,8
SR4Winter20212,SR4,29/07/2021,2,51,53,9,9,11
SR5Winter20212,SR5,29/07/2021,2,105,164,20,24,8
SR6Winter20212,SR6,29/07/2021,2,61,86,20,24,6
SR7Winter20212,SR7,29/07/2021,2,66,117,15,20,23
SR8Winter20212,SR8,29/07/2021,2,45,50,12,13,4
SR9Winter20212,SR9,29/07/2021,2,46,61,14,18,3
Y1Winter20212,Y1,30/07/2021,2,39,60,16,20,6
Y3Winter20212,Y3,30/07/2021,2,35,87,15,24,1
Y4Winter20212,Y4,30/07/2021,2,42,59,13,15,8
Y5Winter20212,Y5,30/07/2021,2,30,43,6,7,16
Y6Winter20212,Y6,30/07/2021,2,33,51,10,13,0
Y1Summer20212,Y1,9/12/2021,2,31,59,17,26,4
BC1Summer20212,BC1,10/12/2021,2,45,49,17,17,0
BC2Summer20212,BC2,10/12/2021,2,30,39,16,22,0
GP1Summer20212,GP1,10/12/2021,2,25,54,10,13,0
GP2Summer20212,GP2,10/12/2021,2,41,68,19,26,0
GP3Summer20212,GP3,10/12/2021,2,47,71,21,26,0
GP4Summer20212,GP4,10/12/2021,2,66,116,24,32,0
Y2Summer20212,Y2,10/12/2021,2,57,65,24,28,0
Y3Summer20212,Y3,10/12/2021,2,40,62,18,26,1
Y4Summer20212,Y4,10/12/2021,2,49,72,24,34,3
Y5Summer20212,Y5,10/12/2021,2,31,36,13,14,5
Y6Summer20212,Y6,10/12/2021,2,37,47,21,25,0
IG1Summer20212,IG1,11/12/2021,2,98,107,17,22,8
IG2Summer20212,IG2,11/12/2021,2,52,75,21,32,1
G1Summer20212,G1,4/02/2022,2,16,32,9,12,0
G2Summer20212,G2,4/02/2022,2,11,25,6,11,0
G3Summer20212,G3,4/02/2022,2,15,32,6,15,0
G4Summer20212,G4,4/02/2022,2,17,23,9,13,0
SR10Summer20212,SR10,4/02/2022,2,22,35,13,17,0
SR3Summer20212,SR3,4/02/2022,2,41,70,14,19,0
SR4Summer20212,SR4,4/02/2022,2,26,43,14,20,5
SR9Summer20212,SR9,4/02/2022,2,34,41,19,23,0
BS10Summer20212,BS10,7/02/2022,2,30,38,12,15,0
BS5Summer20212,BS5,7/02/2022,2,24,46,10,16,0
BS6Summer20212,BS6,7/02/2022,2,49,85,13,17,3
BS7Summer20212,BS7,7/02/2022,2,29,31,13,13,0
BS8Summer20212,BS8,7/02/2022,2,29,47,8,14,2
BS9Summer20212,BS9,7/02/2022,2,41,55,20,22,0
BN1Summer20212,BN1,8/02/2022,2,31,48,14,17,0
BN2Summer20212,BN2,8/02/2022,2,19,26,8,9,0
BN3Summer20212,BN3,8/02/2022,2,64,98,18,20,0
BN4Summer20212,BN4,8/02/2022,2,56,88,18,20,6
BN5Summer20212,BN5,8/02/2022,2,53,96,17,22,0
BN6Summer20212,BN6,8/02/2022,2,14,22,8,13,0
BS1Summer20212,BS1,9/02/2022,2,42,54,17,19,0
BS2Summer20212,BS2,9/02/2022,2,28,41,6,8,4
BS3Summer20212,BS3,9/02/2022,2,43,94,19,23,0
BS4Summer20212,BS4,9/02/2022,2,36,63,13,19,0
SR1 Summer20212,SR1 ,9/02/2022,2,26,37,8,14,13
SR2Summer20212,SR2,9/02/2022,2,21,27,11,12,2
SR5Summer20212,SR5,9/02/2022,2,140,161,25,30,0
SR6Summer20212,SR6,9/02/2022,2,67,88,27,34,0
SR7Summer20212,SR7,9/02/2022,2,20,27,9,12,9
SR8Summer20212,SR8,9/02/2022,2,39,58,14,19,0
RC1Summer20212,RC1,12/02/2022,2,45,64,19,20,0
RC2Summer20212,RC2,12/02/2022,2,70,98,20,24,0
RC3Summer20212,RC3,12/02/2022,2,57,77,20,21,0
RC4Summer20212,RC4,12/02/2022,2,54,98,21,22,0
RC5Summer20212,RC5,12/02/2022,2,44,58,15,15,0
RC6Summer20212,RC6,12/02/2022,2,27,39,14,15,4
Y1Spring20204,Y1,5/12/2020,2,52,73,12,13,24
Y2Spring20204,Y2,5/12/2020,2,67,87,14,16,3
Y3Spring20204,Y3,5/12/2020,2,63,86,15,17,0
Y4Spring20204,Y4,5/12/2020,2,38,53,13,15,0
Y5Spring20204,Y5,5/12/2020,2,49,93,14,16,12
Y6Spring20204,Y6,5/12/2020,2,73,99,18,19,20
Y1Summer20192,Y1,5/3/2020,2,34,76,13,23,6
Y2Summer20192,Y2,5/3/2020,2,33,82,13,23,2
Y3Summer20192,Y3,5/3/2020,2,30,53,14,17,2
Y4Summer20192,Y4,5/3/2020,2,34,51,15,17,1
Y5Summer20192,Y5,5/3/2020,2,22,27,11,13,0
Y6Summer20192,Y6,5/3/2020,2,21,41,5,12,1
BS10Summer20192,BS10,6/2/2020,2,66,118,21,27,8
BS6Summer20192,BS6,6/2/2020,2,34,49,11,17,2
BS7Summer20192,BS7,6/2/2020,2,34,75,13,18,7
BS8Summer20192,BS8,6/2/2020,2,27,42,12,15,12
BS9Summer20192,BS9,6/2/2020,2,43,100,12,23,3
BC1Summer20192,BC1,6/3/2020,2,29,55,10,15,0
BC2Summer20192,BC2,6/3/2020,2,52,114,13,26,1
IG1Summer20192,IG1,6/3/2020,2,38,69,16,20,10
IG2Summer20192,IG2,6/3/2020,2,63,93,15,26,5
BC1Spring20202,BC1,7/10/2020,2,88,105,27,31,4
BC2Spring20202,BC2,7/10/2020,2,56,71,17,20,0
G1Spring20202,G1,7/10/2020,2,50,54,19,22,0
G2Spring20202,G2,7/10/2020,2,35,42,14,17,0
G3Spring20202,G3,7/10/2020,2,34,46,13,16,0
G4Spring20202,G4,7/10/2020,2,36,44,15,17,0
RC1Spring20192,RC1,7/11/2019,2,14,28,9,15,3
RC2Spring20192,RC2,7/11/2019,2,32,50,15,20,1
RC3Spring20192,RC3,7/11/2019,2,18,31,9,13,0
RC4Spring20192,RC4,7/11/2019,2,33,63,14,17,0
RC5Spring20192,RC5,7/11/2019,2,33,39,16,18,1
RC6Spring20192,RC6,7/11/2019,2,24,41,10,15,2
BS10Spring20204,BS10,7/12/2020,2,48,71,17,17,13
BS5Spring20204,BS5,7/12/2020,2,37,68,11,14,4
BS6Spring20204,BS6,7/12/2020,2,48,77,18,19,0
BS7Spring20204,BS7,7/12/2020,2,29,54,12,16,12
BS8Spring20204,BS8,7/12/2020,2,36,55,15,17,0
BS9Spring20204,BS9,7/12/2020,2,60,98,21,22,0
SR1Winter20202,SR1,7/7/2020,2,32,49,10,13,11
SR10Winter20202,SR10,7/7/2020,2,23,41,8,15,0
SR2Winter20202,SR2,7/7/2020,2,33,57,8,14,2
SR3Winter20202,SR3,7/7/2020,2,65,91,16,19,1
SR4Winter20202,SR4,7/7/2020,2,23,35,7,11,0
SR5Winter20202,SR5,7/7/2020,2,77,115,20,26,0
SR6Winter20202,SR6,7/7/2020,2,66,87,22,29,3
SR7Winter20202,SR7,7/7/2020,2,72,94,11,17,5
SR8Winter20202,SR8,7/7/2020,2,60,86,10,15,1
SR9Winter20202,SR9,7/7/2020,2,45,49,10,11,0
Y1Winter20202,Y1,7/7/2020,2,50,69,11,12,21
Y2Winter20202,Y2,7/7/2020,2,67,81,12,15,12
Y3Winter20202,Y3,7/7/2020,2,41,59,11,13,2
Y4Winter20202,Y4,7/7/2020,2,28,38,10,12,3
Y5Winter20202,Y5,7/7/2020,2,42,65,12,14,0
Y6Winter20202,Y6,7/7/2020,2,55,63,15,15,20
BN1Spring20202,BN1,8/10/2020,2,48,58,15,17,4
BN2Spring20202,BN2,8/10/2020,2,20,22,11,12,2
BN3Spring20202,BN3,8/10/2020,2,24,36,11,14,0
BN4Spring20202,BN4,8/10/2020,2,45,52,18,21,0
BN5Spring20202,BN5,8/10/2020,2,33,58,10,13,5
BN6Spring20202,BN6,8/10/2020,2,30,36,12,13,0
RC1Spring20202,RC1,8/10/2020,2,31,45,13,18,0
RC2Spring20202,RC2,8/10/2020,2,51,93,16,18,0
RC3Spring20202,RC3,8/10/2020,2,48,97,13,19,0
RC4Spring20202,RC4,8/10/2020,2,84,118,18,19,0
RC5Spring20202,RC5,8/10/2020,2,29,44,11,14,0
RC6Spring20202,RC6,8/10/2020,2,21,44,8,12,7
GP1Spring20192,GP1,8/11/2019,2,44,87,19,25,5
GP2Spring20192,GP2,8/11/2019,2,42,78,16,26,0
GP3Spring20192,GP3,8/11/2019,2,32,50,13,22,1
GP4Spring20192,GP4,8/11/2019,2,23,38,12,14,0
BS1Spring20212,BS1,8/11/2021,2,54,88,15,22,4
BS2Spring20212,BS2,8/11/2021,2,29,37,6,7,9
BS3Spring20212,BS3,8/11/2021,2,48,73,17,21,2
BS4Spring20212,BS4,8/11/2021,2,28,40,11,13,0
BS5Spring20212,BS5,8/11/2021,2,42,45,13,13,0
BS6Spring20212,BS6,8/11/2021,2,100,127,19,20,0
G1Spring20212,G1,8/11/2021,2,16,39,11,20,0
G2Spring20212,G2,8/11/2021,2,21,31,12,19,0
G3Spring20212,G3,8/11/2021,2,31,43,19,23,0
G4Spring20212,G4,8/11/2021,2,20,23,11,12,0
SR3Spring20212,SR3,8/11/2021,2,30,41,15,18,0
SR4Spring20212,SR4,8/11/2021,2,37,48,19,22,3
BS1Spring20204,BS1,8/12/2020,2,24,35,9,12,3
BS2Spring20204,BS2,8/12/2020,2,28,50,10,14,13
BS3Spring20204,BS3,8/12/2020,2,40,64,14,14,0
BS4Spring20204,BS4,8/12/2020,2,36,65,14,17,6
BN1Winter20192,BN1,8/8/2019,2,28,73,9,15,2
BN2Winter20192,BN2,8/8/2019,2,20,43,9,12,0
BN3Winter20192,BN3,8/8/2019,2,42,95,15,16,2
BN4Winter20192,BN4,8/8/2019,2,48,105,18,21,0
BN5Winter20192,BN5,8/8/2019,2,58,123,12,15,3
BN6Winter20192,BN6,8/8/2019,2,52,112,22,24,2
BN1Spring20212,BN1,9/11/2021,2,48,76,17,20,0
BN2Spring20212,BN2,9/11/2021,2,50,85,16,21,0
BN3Spring20212,BN3,9/11/2021,2,53,110,20,26,0
BN4Spring20212,BN4,9/11/2021,2,29,62,11,17,8
BN5Spring20212,BN5,9/11/2021,2,62,106,25,30,1
BN6Spring20212,BN6,9/11/2021,2,40,77,18,24,0
BN1Winter20202,BN1,9/7/2020,2,61,93,11,19,7
BN2Winter20202,BN2,9/7/2020,2,28,36,13,15,1
BN3Winter20202,BN3,9/7/2020,2,64,82,17,20,2
BN4Winter20202,BN4,9/7/2020,2,91,113,17,19,0
BN5Winter20202,BN5,9/7/2020,2,130,180,19,22,9
BN6Winter20202,BN6,9/7/2020,2,86,188,10,16,4
G1Winter20202,G1,9/7/2020,2,57,65,11,14,0
G2Winter20202,G2,9/7/2020,2,67,73,13,14,0
G3Winter20202,G3,9/7/2020,2,46,53,13,14,0
G4Winter20202,G4,9/7/2020,2,42,42,10,10,0
G1Winter20192,G1,9/8/2019,2,25,63,13,18,2
G2Winter20192,G2,9/8/2019,2,32,77,13,18,0
G3Winter20192,G3,9/8/2019,2,27,57,15,20,1
G4Winter20192,G4,9/8/2019,2,45,131,14,24,0
,,,,,,,,
